sample_ID,TA,Mass,Sample.Index
junk1,2221.05452789369,60.4002,1
junk2,2224.15242593530,60.3208,2
junk3,2211.79819087826,60.2146,3
20250216_sb_ocn_t1,2279.31492048971,60.4792,4
20250216_sb_p1_t1,2263.75099869125,60.1392,5
20250216_sb_p2_t1,2171.72413085306,60.3452,6
20250216_sb_p3_t1,1997.63042815250,60.7961,7
20250216_sb_p4_t1,2120.02434813861,60.0864,8
20250216_sb_p5_t1,1906.14347309691,60.1676,9
20250216_sb_ocn_t2,2273.65013030285,60.1564,10
20250216_sb_p1_t2,2211.35873980376,60.6148,11
20250216_sb_p2_t2,2054.87528664332,60.3327,12
20250216_sb_p3_t2,1962.52255374277,60.5529,13
20250216_sb_p4_t2,2049.53295644171,60.4018,14
20250216_sb_p5_t2,1862.12927561131,60.2620,15
junk1,2235.77527125297,60.0993,1
junk2,2225.88658003472,60.7275,2
junk3,2230.78489557326,60.0274,3
20250223_dh_ocn_t1,2272.35338496417,60.1574,4
20250223_dh_p1_t1,2323.92861262250,60.0721,5
20250223_dh_p2_t1,2315.27853872520,59.7335,6
20250223_dh_p3_t1,2284.67740994436,60.1321,7
20250223_dh_p4_t1,2293.40257521525,60.5168,8
20250223_dh_p5_t1,2351.74863445656,60.3149,9
20250223_dh_ocn_t2,2256.93191088725,60.4118,10
20250223_dh_p1_t2,2323.33167636860,60.1734,11
20250223_dh_p2_t2,2150.30880799464,60.2668,12
20250223_dh_p3_t2,2216.20052757872,60.4847,13
20250223_dh_p4_t2,2244.97156678715,60.1154,14
20250223_dh_p5_t2,2315.88233634600,60.4228,15
20250223_dh_ocn_t3,2232.76229862438,60.5757,16
20250223_dh_p1_t3,2325.02327676601,60.0619,17
20250223_dh_p2_t3,1989.71834009157,60.5323,18
20250223_dh_p3_t3,2116.56629779693,60.6028,19
20250223_dh_p4_t3,2205.89692419807,60.6337,20
20250223_dh_p5_t3,2297.77169227370,60.1871,21
junk1,2224.70518458128,60.3408,1
20250302_dh_ocn_t1,2232.36551555951,60.2654,2
20250302_dh_p2_t1,2086.86361279597,60.3584,3
20250302_dh_p3_t1,2096.35565868209,60.1129,4
20250302_dh_p4_t1,2222.66592269922,60.4577,5
20250302_dh_p5_t1,2268.84885197803,60.3731,6
20250302_dh_p6_t1,2183.93902592213,60.5045,7
20250302_dh_ocn_t2,2213.47622834727,60.2105,8
20250302_dh_p2_t2,1947.55826929715,60.6180,9
20250302_dh_p3_t2,2006.21468498769,60.4707,10
20250302_dh_p4_t2,2172.82960032414,60.5014,11
20250302_dh_p5_t2,2248.21624242568,60.2286,12
20250302_dh_p6_t2,2087.41208483050,60.4574,13
20250302_dh_ocn_t3,2220.71758689646,60.6167,14
20250302_dh_p2_t3,1828.39524144363,60.4046,15
20250302_dh_p3_t3,1935.27641814623,60.3722,16
20250302_dh_p4_t3,2131.73091733263,60.5692,17
20250302_dh_p5_t3,2227.68332156116,60.4128,18
20250302_dh_p6_t3,1995.19304777401,60.4484,19
junk1,2227.43349030283,60.3383,1
junk2,2218.65058016575,60.1331,2
junk3,2213.32134509704,60.2351,3
20250311_sb_p1_t1,2218.20998893138,60.0357,4
20250311_sb_p3_t1,2215.74631458383,60.2093,5
20250311_sb_p4_t1,2218.59980533657,60.0246,6
20250311_sb_p5_t1,1958.19253743392,60.7252,7
20250311_sb_p6_t1,1928.75559119414,60.5275,8
20250311_sb_ocn_t1,2294.27006320614,60.3133,9
20250311_sb_p1_t2,2239.51455560296,60.1860,10
20250311_sb_p3_t2,2230.48138348491,60.2083,11
20250311_sb_p4_t2,2239.82241687557,60.0147,12
20250311_sb_p5_t2,1968.84312354540,60.3008,13
20250311_sb_p6_t2,1992.42517101271,60.0802,14
20250311_sb_ocn_t2,2294.69090430290,60.1557,15
20250311_sb_p1_t3,2247.12376694703,60.2517,16
20250311_sb_p3_t3,2238.19182737887,60.1916,17
20250311_sb_p4_t3,2266.24151114136,60.4761,18
20250311_sb_p5_t3,1979.18983260089,60.0423,19
20250311_sb_p6_t3,2061.45525720446,60.1292,20
20250311_sb_ocn_t3,2303.05122081706,60.4663,21
junk1,2228.84866460787,60.3839,1
junk2,2226.18337644342,60.0845,2
junk3,2226.18962704171,60.0579,3
20250316_sb_ocn_t1,2278.30818614650,60.1654,4
20250316_sb_p1_t1,2341.55072776422,60.1292,5
20250316_sb_p3_t1,2265.80955128105,60.0366,6
20250316_sb_p4_t1,2169.32482217465,60.1337,7
20250316_sb_p5_t1,2050.96172181240,60.2696,8
20250316_sb_p6_t1,2427.69962534112,60.3843,9
20250316_sb_ocn_t2,2269.71618125964,60.1440,10
20250316_sb_p1_t2,2307.02227632271,60.1956,11
20250316_sb_p3_t2,2237.66931374977,60.4685,12
20250316_sb_p4_t2,2079.34964607046,60.3179,13
20250316_sb_p5_t2,2011.00235537142,60.1637,14
20250316_sb_p6_t2,2321.80437521134,60.3098,15
20250316_sb_ocn_t3,2277.62102341103,60.1539,16
20250316_sb_p1_t3,2286.65340396468,60.1691,17
20250316_sb_p3_t3,2217.76443501853,60.2862,18
20250316_sb_p4_t3,1986.63947706294,60.1015,19
20250316_sb_p5_t3,1967.32756005435,60.1727,20
20250316_sb_p6_t3,2221.14905254859,60.1371,21